org.apache.commons.cli.CommandLine.getOptionProperties(Option);org.apache.commons.cli.CommandLineTest.testGetOptionPropertiesWithOption();;;;;;;;;;;;;;;;;;;;;;;;;;;;;;;;;;;;;;;;;;;;
org.apache.commons.cli.CommandLine.getOptionProperties(String);org.apache.commons.cli.CommandLineTest.testGetOptionProperties();org.apache.commons.cli.ParserTestCase.testPropertiesOption2();;;;;;;;;;;;;;;;;;;;;;;;;;;;;;;;;;;;;;;;;;;
org.apache.commons.cli.CommandLine.getOptionValue(Option);org.apache.commons.cli.ValueTest.testShortNoArgWithOption();org.apache.commons.cli.ValueTest.testShortWithArgWithOption();org.apache.commons.cli.ValueTest.testShortOptionalArgNoValueWithOption();org.apache.commons.cli.ValueTest.testLongOptionalNArgValuesWithOption();;;;;;;;;;;;;;;;;;;;;;;;;;;;;;;;;;;;;;;;;
org.apache.commons.cli.CommandLine.getOptionValues(Option);org.apache.commons.cli.ValueTest.testShortOptionalArgValuesWithOption();org.apache.commons.cli.ValueTest.testShortOptionalNArgValuesWithOption();;;;;;;;;;;;;;;;;;;;;;;;;;;;;;;;;;;;;;;;;;;
org.apache.commons.cli.CommandLine.getParsedOptionValue(Option);org.apache.commons.cli.CommandLineTest.testGetParsedOptionValueWithOption();;org.apache.commons.cli.CommandLineTest.testNullhOption();;;;;;;;;;;;;;;;;;;;;;;;;;;;;;;;;;;;;;;;;;
org.apache.commons.cli.HelpFormatter.printHelp(PrintWriter,int,String,String,Options,int,int,String,boolean);org.apache.commons.cli.HelpFormatterTest.testHeaderStartingWithLineSeparator();org.apache.commons.cli.HelpFormatterTest.testIndentedHeaderAndFooter();org.apache.commons.cli.HelpFormatterTest.testOptionWithoutShortFormat2();;;;;;;;;;;;;;;;;;;;;;;;;;;;;;;;;;;;;;;;;;
org.apache.commons.cli.HelpFormatter.printUsage(PrintWriter,int,String,Options);org.apache.commons.cli.HelpFormatterTest.testAutomaticUsage();org.apache.commons.cli.HelpFormatterTest.testPrintUsage();org.apache.commons.cli.HelpFormatterTest.testPrintSortedUsage();org.apache.commons.cli.HelpFormatterTest.testPrintOptionWithEmptyArgNameUsage();org.apache.commons.cli.HelpFormatterTest.testUsageWithLongOptSeparator();;;;;;;;;;;;;;;;;;;;;;;;;;;;;;;;;;;;;;;;
org.apache.commons.cli.Options.addOption(Option);org.apache.commons.cli.ApplicationTest.testLs();org.apache.commons.cli.ApplicationTest.testAnt();org.apache.commons.cli.ApplicationTest.testGroovy();org.apache.commons.cli.ApplicationTest.testNLT();org.apache.commons.cli.OptionsTest.testHelpOptions();org.apache.commons.cli.OptionsTest.testMissingOptionException();org.apache.commons.cli.OptionsTest.testMissingOptionsException();;;;;;;;;;;;;;;;;;;;;;;;;;;;;;;;;;;;;;
org.apache.commons.cli.Options.addOptionGroup(OptionGroup);org.apache.commons.cli.OptionsTest.testGetOptionsGroups();;;;;;;;;;;;;;;;;;;;;;;;;;;;;;;;;;;;;;;;;;;;
org.apache.commons.cli.Options.getMatchingOptions(String);org.apache.commons.cli.OptionsTest.testGetMatchingOpts();;;;;;;;;;;;;;;;;;;;;;;;;;;;;;;;;;;;;;;;;;;;
org.apache.commons.cli.PatternOptionBuilder.parsePattern(String);org.apache.commons.cli.PatternOptionBuilderTest.testSimplePattern();org.apache.commons.cli.PatternOptionBuilderTest.testEmptyPattern();org.apache.commons.cli.PatternOptionBuilderTest.testUntypedPattern();org.apache.commons.cli.PatternOptionBuilderTest.testExistingFilePatternFileNotExist();;;;;;;;;;;;;;;;;;;;;;;;;;;;;;;;;;;;;;;;;
net.objecthunter.exp4j.ExpressionBuilder.build();net.objecthunter.exp4j.ExpressionBuilderTest.testExpressionBuilder1();net.objecthunter.exp4j.ExpressionBuilderTest.testValidationDocExample();net.objecthunter.exp4j.ExpressionBuilderTest.testExpressionBuilder16();net.objecthunter.exp4j.ExpressionBuilderTest.testExpressionBuilder17();net.objecthunter.exp4j.ExpressionBuilderTest.testExpressionBuilder2();net.objecthunter.exp4j.ExpressionBuilderTest.testExpressionBuilder3();net.objecthunter.exp4j.ExpressionBuilderTest.testOperators1();net.objecthunter.exp4j.ExpressionBuilderTest.testExpressionBuilder4();net.objecthunter.exp4j.ExpressionBuilderTest.testOperators2();net.objecthunter.exp4j.ExpressionBuilderTest.testOperators3();net.objecthunter.exp4j.ExpressionBuilderTest.testModulo1();net.objecthunter.exp4j.ExpressionBuilderTest.testOperators4();net.objecthunter.exp4j.ExpressionBuilderTest.testExpressionBuilder01();net.objecthunter.exp4j.ExpressionBuilderTest.testExpressionBuilder02();net.objecthunter.exp4j.ExpressionBuilderTest.testExpressionBuilder03();net.objecthunter.exp4j.ExpressionBuilderTest.testExpressionBuilder04();net.objecthunter.exp4j.ExpressionBuilderTest.testExpressionBuilder05();net.objecthunter.exp4j.ExpressionBuilderTest.testExpressionBuilder06();net.objecthunter.exp4j.ExpressionBuilderTest.testExpressionBuilder5();net.objecthunter.exp4j.ExpressionBuilderTest.testExpressionBuilder07();net.objecthunter.exp4j.ExpressionBuilderTest.testExpressionBuilder08();net.objecthunter.exp4j.ExpressionBuilderTest.testSameName();net.objecthunter.exp4j.ExpressionBuilderTest.testInvalidFunction();net.objecthunter.exp4j.ExpressionBuilderTest.testMissingVar();net.objecthunter.exp4j.ExpressionBuilderTest.testExpression1();net.objecthunter.exp4j.ExpressionBuilderTest.testExpression11();net.objecthunter.exp4j.ExpressionBuilderTest.testExpressionBuilder6();net.objecthunter.exp4j.ExpressionBuilderTest.testExpression12();net.objecthunter.exp4j.ExpressionBuilderTest.testExpression13();net.objecthunter.exp4j.ExpressionBuilderTest.testExpressionBuilder7();net.objecthunter.exp4j.ExpressionBuilderTest.testExpressionBuilder8();net.objecthunter.exp4j.ExpressionBuilderTest.testFunction1();net.objecthunter.exp4j.ExpressionBuilderTest.testFunction2();net.objecthunter.exp4j.ExpressionBuilderTest.testFunction3();net.objecthunter.exp4j.ExpressionBuilderTest.testFunction4();net.objecthunter.exp4j.ExpressionBuilderTest.testFunction5();net.objecthunter.exp4j.ExpressionBuilderTest.testFunction6();net.objecthunter.exp4j.ExpressionBuilderTest.testFunction7();net.objecthunter.exp4j.ExpressionBuilderTest.testExpression10();net.objecthunter.exp4j.ExpressionBuilderTest.testExpressionBuilder18();net.objecthunter.exp4j.ExpressionBuilderTest.testExpressionBuilder19();net.objecthunter.exp4j.ExpressionBuilderTest.testUnaryMinus();net.objecthunter.exp4j.ExpressionBuilderTest.testUnaryMinusPowerPrecedence();net.objecthunter.exp4j.ExpressionBuilderTest.testExpression15();net.objecthunter.exp4j.ExpressionBuilderTest.testExpression14()
net.objecthunter.exp4j.function.Function.Function(String,int);net.objecthunter.exp4j.ExpressionBuilderTest.testFunction10();net.objecthunter.exp4j.ExpressionBuilderTest.testFunction11();net.objecthunter.exp4j.ExpressionBuilderTest.testFunction12();net.objecthunter.exp4j.ExpressionBuilderTest.testFunction13();net.objecthunter.exp4j.ExpressionBuilderTest.testFunction14();net.objecthunter.exp4j.ExpressionBuilderTest.testFunction15();net.objecthunter.exp4j.ExpressionBuilderTest.testFunction16();net.objecthunter.exp4j.FunctionsTest.testFunctionNameZeroArgs();net.objecthunter.exp4j.FunctionsTest.testFunctionNameNegativeArgs();;;;;;;;;;;;;;;;;;;;;;;;;;;;;;;;;;;;
net.objecthunter.exp4j.function.Function.isValidFunctionName(String);net.objecthunter.exp4j.FunctionsTest.testCheckFunctionNames();;;;;;;;;;;;;;;;;;;;;;;;;;;;;;;;;;;;;;;;;;;;
net.objecthunter.exp4j.Expression.evaluate();net.objecthunter.exp4j.ExpressionTest.testExpression1();net.objecthunter.exp4j.ExpressionTest.testFactorial();net.objecthunter.exp4j.ExpressionTest.testClearVariables();;;;;;;;;;;;;;;;;;;;;;;;;;;;;;;;;;;;;;;;;;
net.objecthunter.exp4j.Expression.validate(boolean);net.objecthunter.exp4j.ExpressionValidateTest.testValidateNumber();net.objecthunter.exp4j.ExpressionValidateTest.testValidateFunctionWithTwoArguments();net.objecthunter.exp4j.ExpressionValidateTest.testValidateFunctionWithTwoArgumentsAndOperator();net.objecthunter.exp4j.ExpressionValidateTest.testValidateFunctionWithTwoAndThreeArgumentsAndMultipleOperator();;;;;;;;;;;;;;;;;;;;;;;;;;;;;;;;;;;;;;;;;
org.apache.commons.lang3.math.NumberUtils.isParsable(String);org.apache.commons.lang3.math.NumberUtilsTest.testIsParsable();;;;;;;;;;;;;;;;;;;;;;;;;;;;;;;;;;;;;;;;;;;;
org.apache.commons.lang3.math.NumberUtils.createBigDecimal(String);org.apache.commons.lang3.math.NumberUtilsTest.testCreateBigDecimal();org.apache.commons.lang3.math.NumberUtilsTest.testCreateBigDecimalFailure(String);;;;;;;;;;;;;;;;;;;;;;;;;;;;;;;;;;;;;;;;;;;
org.apache.commons.lang3.math.NumberUtils.createBigInteger(String);org.apache.commons.lang3.math.NumberUtilsTest.testCreateBigIntegerFailure(String);;;;;;;;;;;;;;;;;;;;;;;;;;;;;;;;;;;;;;;;;;;;
org.apache.commons.lang3.text.WordUtils.wrap(String,int,String,boolean,String);org.apache.commons.lang3.text.WordUtilsTest.testWrap_StringIntStringBooleanString();;;;;;;;;;;;;;;;;;;;;;;;;;;;;;;;;;;;;;;;;;;;
org.apache.commons.lang3.StringUtils.getLevenshteinDistance(CharSequence,CharSequence,int);org.apache.commons.lang3.StringUtilsTest.testGetLevenshteinDistance_NullStringInt();org.apache.commons.lang3.StringUtilsTest.testGetLevenshteinDistance_StringNullInt();org.apache.commons.lang3.StringUtilsTest.testGetLevenshteinDistance_StringStringInt();;;;;;;;;;;;;;;;;;;;;;;;;;;;;;;;;;;;;;;;;;
org.apache.commons.lang3.StringUtils.indexOfDifference(CharSequence...);org.apache.commons.lang3.StringUtilsTest.testDifferenceAt_StringArray();;;;;;;;;;;;;;;;;;;;;;;;;;;;;;;;;;;;;;;;;;;;
org.apache.commons.lang3.RandomStringUtils.random(int,int,int,boolean,boolean,char[],Random);org.apache.commons.lang3.RandomStringUtilsTest.testRandomStringUtils();org.apache.commons.lang3.RandomStringUtilsTest.testLANG805();org.apache.commons.lang3.RandomStringUtilsTest.testExceptions();;;;;;;;;;;;;;;;;;;;;;;;;;;;;;;;;;;;;;;;;;
org.apache.commons.lang3.LocaleUtils.toLocale(String);org.apache.commons.lang3.LocaleUtilsTest.testParseAllLocales(Locale);org.apache.commons.lang3.LocaleUtilsTest.testLang865();org.apache.commons.lang3.LocaleUtilsTest.testThreeCharsLocale();org.apache.commons.lang3.LocaleUtilsTest.testToLocale_3Part();org.apache.commons.lang3.LocaleUtilsTest.testToLocale_2Part();org.apache.commons.lang3.LocaleUtilsTest.testToLocale_1Part();org.apache.commons.lang3.LocaleUtilsTest.testLang328();org.apache.commons.lang3.LocaleUtilsTest.testLanguageAndUNM49Numeric3AreaCodeLang1312();;;;;;;;;;;;;;;;;;;;;;;;;;;;;;;;;;;;;
org.apache.commons.lang3.builder.EqualsBuilder.reflectionAppend(Object,Object);org.apache.commons.lang3.builder.EqualsBuilderTest.testReflectionAppend();;;;;;;;;;;;;;;;;;;;;;;;;;;;;;;;;;;;;;;;;;;;
org.apache.commons.lang3.time.DurationFormatUtils.formatPeriod(long,long,String,boolean,TimeZone);org.apache.commons.lang3.time.DurationFormatUtilsTest.testFormatPeriodISO();org.apache.commons.lang3.time.DurationFormatUtilsTest.testFormatPeriod();org.apache.commons.lang3.time.DurationFormatUtilsTest.testLANG815();org.apache.commons.lang3.time.DurationFormatUtilsTest.testFormatPeriodISOMethod();;;;;;;;;;;;;;;;;;;;;;;;;;;;;;;;;;;;;;;;;
org.apache.commons.lang3.time.DurationFormatUtils.formatDurationWords(long,boolean,boolean);org.apache.commons.lang3.time.DurationFormatUtilsTest.testFormatDurationWords();org.apache.commons.lang3.time.DurationFormatUtilsTest.testFormatDurationPluralWords();;;;;;;;;;;;;;;;;;;;;;;;;;;;;;;;;;;;;;;;;;;
org.apache.commons.lang3.ArrayUtils.lastIndexOf(Object[],Object,int);org.apache.commons.lang3.ArrayUtilsTest.testLastIndexOfWithStartIndex();org.apache.commons.lang3.ArrayUtilsTest.testLastIndexOf();;;;;;;;;;;;;;;;;;;;;;;;;;;;;;;;;;;;;;;;;;;
org.apache.commons.lang3.ArrayUtils.shift(boolean[],int,int,int);org.apache.commons.lang3.ArrayUtilsTest.testShiftBoolean();;;;;;;;;;;;;;;;;;;;;;;;;;;;;;;;;;;;;;;;;;;;
org.apache.commons.lang3.ArrayUtils.shift(byte[],int,int,int);org.apache.commons.lang3.ArrayUtilsTest.testShiftRangeByte();org.apache.commons.lang3.ArrayUtilsTest.testShiftRangeNoElemByte();org.apache.commons.lang3.ArrayUtilsTest.testShiftRangeNullByte();org.apache.commons.lang3.ArrayUtilsTest.testShiftByte();org.apache.commons.lang3.ArrayUtilsTest.testShiftAllByte();;;;;;;;;;;;;;;;;;;;;;;;;;;;;;;;;;;;;;;;
org.apache.commons.lang3.ArrayUtils.shift(char[],int,int,int);org.apache.commons.lang3.ArrayUtilsTest.testShiftRangeChar();org.apache.commons.lang3.ArrayUtilsTest.testShiftRangeNoElemChar();org.apache.commons.lang3.ArrayUtilsTest.testShiftRangeNullChar();org.apache.commons.lang3.ArrayUtilsTest.testShiftChar();org.apache.commons.lang3.ArrayUtilsTest.testShiftAllChar();;;;;;;;;;;;;;;;;;;;;;;;;;;;;;;;;;;;;;;;
org.apache.commons.lang3.ArrayUtils.shift(float[],int,int,int);org.apache.commons.lang3.ArrayUtilsTest.testShiftRangeFloat();org.apache.commons.lang3.ArrayUtilsTest.testShiftRangeNoElemFloat();org.apache.commons.lang3.ArrayUtilsTest.testShiftRangeNullFloat();org.apache.commons.lang3.ArrayUtilsTest.testShiftFloat();org.apache.commons.lang3.ArrayUtilsTest.testShiftAllFloat();;;;;;;;;;;;;;;;;;;;;;;;;;;;;;;;;;;;;;;;
org.apache.commons.lang3.ArrayUtils.shift(long[],int,int,int);org.apache.commons.lang3.ArrayUtilsTest.testShiftRangeLong();org.apache.commons.lang3.ArrayUtilsTest.testShiftRangeNoElemLong();org.apache.commons.lang3.ArrayUtilsTest.testShiftRangeNullLong();org.apache.commons.lang3.ArrayUtilsTest.testShiftLong();org.apache.commons.lang3.ArrayUtilsTest.testShiftAllLong();;;;;;;;;;;;;;;;;;;;;;;;;;;;;;;;;;;;;;;;
org.apache.commons.lang3.ArrayUtils.shift(Object[],int,int,int);org.apache.commons.lang3.ArrayUtilsTest.testShiftRangeObject();org.apache.commons.lang3.ArrayUtilsTest.testShiftRangeNoElemObject();org.apache.commons.lang3.ArrayUtilsTest.testShiftRangeNullObject();org.apache.commons.lang3.ArrayUtilsTest.testShiftObject();org.apache.commons.lang3.ArrayUtilsTest.testShiftAllObject();;;;;;;;;;;;;;;;;;;;;;;;;;;;;;;;;;;;;;;;
org.apache.commons.lang3.ObjectUtils.allNotNull(Object...);org.apache.commons.lang3.ObjectUtilsTest.testAllNotNull();;;;;;;;;;;;;;;;;;;;;;;;;;;;;;;;;;;;;;;;;;;;
org.apache.commons.lang3.ObjectUtils.hashCodeMulti(Object...);org.apache.commons.lang3.ObjectUtilsTest.testHashCodeMulti_multiple_emptyArray();org.apache.commons.lang3.ObjectUtilsTest.testHashCodeMulti_multiple_nullArray();org.apache.commons.lang3.ObjectUtilsTest.testHashCodeMulti_multiple_likeList();;;;;;;;;;;;;;;;;;;;;;;;;;;;;;;;;;;;;;;;;;
org.apache.commons.math4.analysis.interpolation.BicubicInterpolator.interpolate(double[],double[],double[][]);org.apache.commons.math4.analysis.interpolation.BicubicInterpolatorTest.testPreconditions();org.apache.commons.math4.analysis.interpolation.BicubicInterpolatingFunctionTest.testPlane();org.apache.commons.math4.analysis.interpolation.BicubicInterpolatingFunctionTest.testParaboloid();;;;;;;;;
org.apache.commons.math4.analysis.FunctionUtils.sample(UnivariateFunction,double,double,int);org.apache.commons.math4.analysis.FunctionUtilsTest.testSampleWrongBounds();org.apache.commons.math4.analysis.FunctionUtilsTest.testSampleNegativeNumberOfPoints();org.apache.commons.math4.analysis.FunctionUtilsTest.testSampleNullNumberOfPoints();org.apache.commons.math4.analysis.FunctionUtilsTest.testSample();;;;;;;;
org.apache.commons.math4.analysis.differentiation.JacobianFunction.value(double[]);org.apache.commons.math4.analysis.differentiation.JacobianFunctionTest.testSphere();;;;;;;;;;;
org.apache.commons.math4.analysis.polynomials.PolynomialFunction.subtract(PolynomialFunction);org.apache.commons.math4.analysis.polynomials.PolynomialFunctionTest.testSubtraction();org.apache.commons.math4.analysis.polynomials.PolynomialsUtilsTest.testJacobiLegendre();;;;;;;;;;
org.apache.commons.math4.analysis.differentiation.FiniteDifferencesDifferentiator.FiniteDifferencesDifferentiator(int,double,double,double);org.apache.commons.math4.analysis.differentiation.FiniteDifferencesDifferentiatorTest.testTooLargeStep();org.apache.commons.math4.analysis.differentiation.FiniteDifferencesDifferentiatorTest.testBounds();org.apache.commons.math4.analysis.differentiation.FiniteDifferencesDifferentiatorTest.testBoundedSqrt();;;;;;;;;
org.apache.commons.math4.analysis.solvers.UnivariateSolverUtils.bracket(UnivariateFunction,double,double,double,double,double,int);org.apache.commons.math4.analysis.solvers.UnivariateSolverUtilsTest.testBracketCentered();org.apache.commons.math4.analysis.solvers.UnivariateSolverUtilsTest.testBracketLow();org.apache.commons.math4.analysis.solvers.UnivariateSolverUtilsTest.testBracketHigh();org.apache.commons.math4.analysis.solvers.UnivariateSolverUtilsTest.testBracketLinear();org.apache.commons.math4.analysis.solvers.UnivariateSolverUtilsTest.testBracketExponential();org.apache.commons.math4.analysis.solvers.UnivariateSolverUtilsTest.testBadAdditive();org.apache.commons.math4.analysis.solvers.UnivariateSolverUtilsTest.testIterationExceeded();org.apache.commons.math4.analysis.solvers.UnivariateSolverUtilsTest.testBracketLoopConditionForB();org.apache.commons.math4.analysis.solvers.UnivariateSolverUtilsTest.testBracketSin();org.apache.commons.math4.analysis.solvers.UnivariateSolverUtilsTest.testBracketEndpointRoot();org.apache.commons.math4.analysis.solvers.UnivariateSolverUtilsTest.testNullFunction();org.apache.commons.math4.analysis.solvers.UnivariateSolverUtilsTest.testBadMaximumIterations()
org.apache.commons.math4.dfp.DfpMath.pow(Dfp,int);org.apache.commons.math4.analysis.solvers.FieldBracketingNthOrderBrentSolverTest.testNeta();;;;;;;;;;;
org.apache.commons.math4.filter.KalmanFilter.predict(RealVector);org.apache.commons.math4.filter.KalmanFilterTest.testConstantAcceleration();org.apache.commons.math4.filter.KalmanFilterTest.testCannonball();org.apache.commons.math4.filter.KalmanFilterTest.testConstant();;;;;;;;;
org.apache.commons.math4.dfp.Dfp.toDouble();org.apache.commons.math4.analysis.function.SincTest.testShortcut();org.apache.commons.math4.analysis.function.SincTest.testDerivativeShortcut();;;;;;;;;;
org.apache.commons.math4.dfp.Dfp.divide(int);org.apache.commons.math4.analysis.solvers.FieldBracketingNthOrderBrentSolverTest.testConvergenceOnFunctionAccuracy();;;;;;;;;;;
org.apache.commons.math4.genetics.ListPopulation.getFittestChromosome();org.apache.commons.math4.genetics.GeneticAlgorithmTestBinary.test();org.apache.commons.math4.genetics.GeneticAlgorithmTestPermutations.test();org.apache.commons.math4.genetics.ListPopulationTest.testGetFittestChromosome();;;;;;;;;
org.apache.commons.math4.distribution.fitting.MultivariateNormalMixtureExpectationMaximization.MultivariateNormalMixtureExpectationMaximization(double[][]);org.apache.commons.math4.distribution.fitting.MultivariateNormalMixtureExpectationMaximizationTest.testNonEmptyData();org.apache.commons.math4.distribution.fitting.MultivariateNormalMixtureExpectationMaximizationTest.testNonJaggedData();org.apache.commons.math4.distribution.fitting.MultivariateNormalMixtureExpectationMaximizationTest.testMultipleColumnsRequired();org.apache.commons.math4.distribution.fitting.MultivariateNormalMixtureExpectationMaximizationTest.testMaxIterationsPositive();org.apache.commons.math4.distribution.fitting.MultivariateNormalMixtureExpectationMaximizationTest.testThresholdPositive();org.apache.commons.math4.distribution.fitting.MultivariateNormalMixtureExpectationMaximizationTest.testConvergenceException();org.apache.commons.math4.distribution.fitting.MultivariateNormalMixtureExpectationMaximizationTest.testIncompatibleIntialMixture();org.apache.commons.math4.distribution.fitting.MultivariateNormalMixtureExpectationMaximizationTest.testFit();;;;
org.apache.commons.math4.dfp.Dfp.nextAfter(Dfp);org.apache.commons.math4.dfp.DfpTest.testNextAfter();;;;;;;;;;;
org.apache.commons.math4.genetics.ElitisticListPopulation.nextGeneration();org.apache.commons.math4.genetics.ElitisticListPopulation.nextGeneration();org.apache.commons.math4.genetics.ElitisticListPopulationTest.testNextGeneration();;;;;;;;;;